Nummer,Boeking,Leverancier,Factuur_Datum,Factuur_Nummer,Totaal,Betaald,Laatst_Betaald_Op,Te_Betalen,B,Limietdatum
2025/00001,22/03/2024,TELENET,22/03/2024,243801970610,89.39,89.39,19/03/2024,,,
2025/00002,22/03/2024,TELENET,22/03/2024,24910211453,296.24,296.24,15/04/2024,,,
2025/00003,22/03/2024,STOCKARTIKELEN,22/03/2024,2025/00003,102,102,18/03/2024,,,
2025/00004,22/03/2024,KLEINE UITGAVEN,22/03/2024,2025/00004,84.94,84.94,21/03/2024,,,
2025/00005,23/03/2024,KLEINE UITGAVEN,23/03/2024,2025/00005,154.95,154.95,22/03/2024,,,
2025/00006,23/03/2024,KLEINE UITGAVEN,23/03/2024,2025/0006,4.45,4.45,25/03/2024,,,
2025/00007,26/03/2024,DOCHY & ZONEN ( glashandel ),15/03/2024,232862,1998.32,1998.32,26/03/2024,,,
2025/00008,26/03/2024,AB CLAENING,26/03/2024,2024-34,275.88,275.88,26/03/2024,,,
2025/00009,28/03/2024,LUMINUS - ALG DELEN,25/03/2024,8753675595,3951,3951,28/03/2024,,,
2025/00010,28/03/2024,EQUANS,25/03/2024,48015555173,1341.91,1341.91,28/03/2024,,,
2025/00011,28/03/2024,STOCKARTIKELEN,27/03/2024,2025/00011,"116,56","116,56",28/03/2024,,,
2025/00012,28/03/2024,KLEINE UITGAVEN,27/03/2024,2025/00012,503.29,503.29,27/03/2024,,,
2025/00016,29/03/2024,LUMINUS - D.VERL.,25/03/2024,8753675594,2140,2140,02/04/2024,,,
2025/00017,29/03/2024,LUMINUS - CONCIERGERIE,25/03/2024,3567496792,676,676,02/04/2024,,,
2025/00018,29/03/2024,LUMINUS - LIFT 3,25/03/2024,8193707782,346,346,02/04/2024,,,
2025/00019,29/03/2024,LUMINUS - LIFT 1,29/03/2024,8753675593,376,376,02/04/2024,,,
2025/00020,06/04/2024,ZEHNDER GROUP BELGIUM,25/03/2024,6231004990,151,151,02/04/2024,,,
2025/00021,08/04/2024,KLEINE UITGAVEN,08/04/2024,247003614,437.05,437.05,04/04/2024,,,
2025/00022,09/04/2024,KLEINE UITGAVEN,03/04/2024,2025/00022,59.46,59.46,03/04/2024,,,
2025/00023,09/04/2024,KLEINE UITGAVEN,03/04/2024,2025/00023,167.16,167.16,03/04/2024,,,
2025/00024,09/04/2024,LUMINUS,25/03/2024,3567496818,189,189,05/04/2024,,,
2025/00025,09/04/2024,ANSUL,11/04/2024,224/15990,1081.59,1081.59,05/04/2024,,,
2025/00026,09/04/2024,LUMINUS,25/03/2024,3567496807,226,226,05/04/2024,,,
2025/00027,09/04/2024,LUMINUS,25/03/2024,3567496801,274,274,05/04/2024,,,
2025/00028,09/04/2024,KLEINE UITGAVEN,01/04/2024,2025/00028,229.22,229.22,05/04/2024,,,
2025/00029,09/04/2024,AB CLAENING,30/03/2024,2024/38,275.88,275.88,05/04/2024,,,
2025/00030,09/04/2024,LUMINUS,25/03/2024,3567496803,276,276,05/04/2024,,,
2025/00031,09/04/2024,LUMINUS,25/03/2024,3567496799,175,175,05/04/2024,,,
2025/00032,09/04/2024,LUMINUS,25/03/2024,3567496814,228,228,05/04/2024,,,
2025/00033,09/04/2024,LEFEVRE LIEVEN,31/03/2024,20240172,280.9,280.9,05/04/2024,,,
2025/00034,09/04/2024,LEFEVRE LIEVEN,30/03/2024,20240130,209.99,209.99,05/04/2024,,,
2025/00035,09/04/2024,KLEINE UITGAVEN,04/04/2024,247003711,90.13,90.13,06/04/2024,,,
2025/00036,09/04/2024,LUMINUS,25/03/2024,35674496813,215,215,08/04/2024,,,
2025/00037,09/04/2024,LUMINUS,25/03/2024,3567496816,172,172,08/04/2024,,,
2025/00038,09/04/2024,LUMINUS,25/03/2024,3567496805,237,237,08/04/2024,,,
2025/00039,09/04/2024,LEFEVRE LIEVEN,09/04/2024,20240186,496.11,496.11,09/04/2024,,,
2025/00040,09/04/2024,VIVIUM,29/03/2024,CN /202409124,-1686.97,-1686.97,02/04/2024,,,
2025/00041,11/04/2024,VEOLIA,11/04/2024,2104322424,602.35,602.35,12/04/2024,,,
2025/00042,12/04/2024,ELEKTRO POWER,08/04/2024,20240078,881.41,881.41,12/04/2024,,,
2025/00043,15/04/2024,LUMINUS,25/03/2024,3567496802,166,166,15/04/2024,,,
2025/00044,18/04/2024,KLEINE UITGAVEN,17/04/2024,247004373,59.8,59.8,18/04/2024,,,
2025/00045,18/04/2024,KLEINE UITGAVEN,17/04/2024,025/00045,206.57,206.57,17/04/2024,,,
2025/00046,18/04/2024,LUMINUS,25/03/2024,3567496821,188,188,18/04/2024,,,
2025/00047,18/04/2024,LUMINUS,25/03/2024,3567496817,259,259,18/04/2024,,,
2025/00048,18/04/2024,LUMINUS,25/03/2024,3567496820,198,198,18/04/2024,,,
2025/00049,18/04/2024,LUMINUS,25/03/2024,3567496798,327,327,18/04/2024,,,
2025/00050,18/04/2024,LUMINUS,25/03/2024,3567496810,155,155,18/04/2024,,,
2025/00051,18/04/2024,LUMINUS,25/03/2024,3567496795,283,283,18/04/2024,,,
2025/00052,18/04/2024,LUMINUS,25/03/2024,3567496796,202,202,18/04/2024,,,
2025/00053,18/04/2024,LUMINUS,25/03/2024,35674996804,246,246,18/04/2024,,,
2025/00054,23/04/2024,LUMINUS - ELEC PRIVATIEF,25/03/2024,356749680051,232,232,23/04/2024,,,
2025/00055,27/04/2024,TELENET,16/04/2024,243802196997,89.39,89.39,18/04/2024,,,
2025/00056,27/04/2024,TELENET,18/04/2024,24910282280,296.24,296.24,23/04/2024,,,
2025/00057,27/04/2024,DEFEVER,27/04/2024,20/240609,286.4,286.4,23/04/2024,,,
2025/00058,27/04/2024,VANSTEEN BV,21/04/2024,20240123,205.7,205.7,23/04/2024,,,
2025/00059,27/04/2024,VANSTEEN BV,21/04/2024,20240122,205.7,205.7,23/04/2024,,,
2025/00060,27/04/2024,KLEINE UITGAVEN,27/04/2024,2025/00060,57.68,57.68,24/04/2024,,,
2025/00061,27/04/2024,DEFEVER,24/04/2024,20/240606,203.45,203.45,25/04/2024,,,
2025/00062,27/04/2024,EQUANS,25/04/2024,4801557979,1344.15,1344.15,26/04/2024,,,
2025/00063,04/05/2024,GROEP S,24/04/2024,018307/33001,126.46,126.46,29/04/2024,,,
2025/00064,04/05/2024,GROEP S,04/05/2024,018307/33003,4.74,4.74,29/04/2024,,,
2025/00065,04/05/2024,GROEP S,04/05/2024,018307//33002,922.45,922.45,29/04/2024,,,
2025/00066,04/05/2024,LUMINUS - ELEC PRIVATIEF,25/03/2024,3567496815,253,253,30/04/2024,,,
2025/00067,04/05/2024,KLEINE UITGAVEN,30/04/2024,2025/00067,149.2,149.2,30/04/2024,,,
2025/00068,04/05/2024,LUMINUS - ELEC PRIVATIEF,25/03/2024,3567496811,296,296,02/05/2024,,,
2025/00069,04/05/2024,LUMINUS - ELEC PRIVATIEF,25/03/2024,3567496806,269,269,02/05/2024,,,
2025/00070,04/05/2024,ACA KEURING,30/04/2024,24011731,531.8,531.8,02/05/2024,,,
2025/00071,04/05/2024,LUMINUS - ELEC PRIVATIEF,25/03/2024,3567496808,196,196,06/05/2024,,,
2025/00072,04/05/2024,KLEINE UITGAVEN,04/05/2024,2025/00072,47.44,47.44,03/05/2024,,,
2025/00073,07/05/2024,SCHOONMAAK/PRIVATE WERKEN,06/05/2024,025/00073,45,45,14/03/2025,,,
2025/00074,07/05/2024,KLEINE UITGAVEN,07/05/2024,2025/00074,106.8,106.8,06/05/2024,,,
2025/00075,10/05/2024,EVER CLEAN.,10/05/2024,2024/000/252,121.9,121.9,14/03/2025,,,
2025/00076,15/03/2024,AB CLAENING,01/05/2024,2024/51,275.88,275.88,10/05/2024,,01/05/2024,
2025/00077,10/05/2024,AB CLAENING,10/05/2024,2024/58,968,968,10/05/2024,,,
2025/00078,20/07/2024,LUMINUS - ELEC PRIVATIEF,25/03/2024,3567496812,202,202,10/05/2024,,,
2025/00079,11/05/2024,LUMINUS - ALG DELEN,25/03/2024,356749694,196,196,10/05/2024,,,
2025/00080,11/05/2024,LUMINUS - ALG DELEN,25/03/2024,3567496797,160,160,10/05/2024,,,
2025/00081,20/07/2024,LUMINUS - ELEC PRIVATIEF,25/03/2024,3567496819,202,202,18/07/2024,,,
2025/00082,11/05/2024,LUMINUS - ALG DELEN,25/03/2024,3567496809,166,166,10/05/2024,,,
2025/00083,31/05/2024,KLEINE UITGAVEN,31/05/2024,2025/00083,332.3,332.3,14/05/2024,,,
2025/00084,03/06/2024,DE LIFT,23/05/2024,V12410617,1114.51,1114.51,28/05/2024,,,
2025/00085,03/06/2024,DE LIFT,23/05/2024,v12410618,1024.41,1024.41,28/05/2024,,,
2025/00086,03/06/2024,DE LIFT,23/05/2024,v12410616,1024.41,1024.41,28/05/2024,,,
2025/00087,03/06/2024,DOCHY & ZONEN ( glashandel ),14/05/2024,233789,435.29,435.29,28/05/2024,,,
2025/00088,03/06/2024,LUMINUS - GAS,15/05/2024,3007409468,5828.75,5828.75,28/05/2024,,,
2025/00089,03/06/2024,TELENET,16/05/2024,243802429872,89.39,89.39,28/05/2024,,,
2025/00090,03/06/2024,LEFEVRE LIEVEN,19/05/2024,20240233,249.5,249.5,28/05/2024,,,
2025/00091,03/06/2024,VEOLIA,30/04/2024,2104353476,520.52,520.52,28/05/2024,,,
2025/00092,03/06/2024,Seacom .be,25/05/2024,23/0775,2278.43,2278.43,28/05/2024,,,
2025/00093,03/06/2024,LEFEVRE LIEVEN,12/05/2024,2024/0217,79.5,79.5,28/05/2024,,,
2025/00094,03/06/2024,KLEINE UITGAVEN,13/05/2024,2025/00094,46.64,46.64,28/05/2024,,,
2025/00095,03/06/2024,KLEINE UITGAVEN,27/05/2024,2025/000095,29.99,29.99,28/05/2024,,,
2025/00096,03/06/2024,SCHOONMAAK/PRIVATE WERKEN,31/05/2024,2025/00096,45,45,14/03/2025,,,
2025/00097,03/06/2024,DVV CLAENING,31/05/2024,2024/054,487.03,487.03,03/06/2024,,,
2025/00098,03/06/2024,ANSUL,22/05/2024,2414490,656.21,656.21,03/06/2024,,,
2025/00099,03/06/2024,KLEINE UITGAVEN,21/05/2024,2025/00099,7.95,7.95,03/06/2024,,,
2025/00100,03/06/2024,EQUANS,29/05/2024,4801560186,1335.72,1335.72,03/06/2024,,,
2025/00101,03/06/2024,SCHOONMAAK/PRIVATE WERKEN,03/06/2024,2025/00101,360,360,03/06/2024,,,
2025/00102,03/06/2024,KLEINE UITGAVEN,31/05/2024,2024/00102,103.03,103.03,31/05/2024,,,
2025/00103,03/06/2024,AB CLAENING,01/06/2024,2024/66,883.3,883.3,03/06/2024,,,
2025/00104,03/06/2024,AB CLAENING,01/06/2024,2024/65,827.64,827.64,03/06/2024,,,
2025/00105,04/06/2024,KLEINE UITGAVEN,03/06/2024,24/08206,64.12,64.12,03/06/2024,,,
2025/00106,04/06/2024,EVER CLEAN.,31/05/2024,vkf2024000311,334.42,334.42,03/06/2024,,,
2025/00107,04/06/2024,GEMEENTE MIDDELKERKE,07/05/2024,16365,50,50,03/06/2024,,,
2025/00108,04/06/2024,GEMEENTE MIDDELKERKE,07/05/2024,16364,50,50,03/06/2024,,,
2025/00109,04/06/2024,GEMEENTE MIDDELKERKE,07/05/2024,16415,50,50,03/06/2024,,,
2025/00110,04/06/2024,GEMEENTE MIDDELKERKE,07/05/2024,16361,50,50,03/06/2024,,,
2025/00111,04/06/2024,GEMEENTE MIDDELKERKE,07/05/2024,16321,50,50,03/06/2024,,,
2025/00112,04/06/2024,GEMEENTE MIDDELKERKE,07/05/2024,16353,50,50,03/06/2024,,,
2025/00113,04/06/2024,GEMEENTE MIDDELKERKE,07/05/2024,16333,50,50,03/06/2024,,,
2025/00114,04/06/2024,GEMEENTE MIDDELKERKE,07/05/2024,16324,50,50,03/06/2024,,,
2025/00115,04/06/2024,GEMEENTE MIDDELKERKE,07/05/2024,16331,50,50,03/06/2024,,,
2025/00116,04/06/2024,GEMEENTE MIDDELKERKE,07/05/2024,16344,50,50,03/06/2024,,,
2025/00117,04/06/2024,GEMEENTE MIDDELKERKE,07/05/2024,16356,50,50,03/06/2024,,,
2025/00118,04/06/2024,GEMEENTE MIDDELKERKE,07/05/2024,16359,50,50,03/06/2024,,,
2025/00119,04/06/2024,GEMEENTE MIDDELKERKE,07/05/2024,16378,50,50,03/06/2024,,,
2025/00120,04/06/2024,GEMEENTE MIDDELKERKE,07/05/2024,16346,50,50,03/06/2024,,,
2025/00121,04/06/2024,GEMEENTE MIDDELKERKE,07/05/2024,16338,50,50,03/06/2024,,,
2025/00122,04/06/2024,GEMEENTE MIDDELKERKE,07/05/2024,16320,50,50,03/06/2024,,,
2025/00123,04/06/2024,GEMEENTE MIDDELKERKE,07/05/2024,16375,50,50,03/06/2024,,,
2025/00124,04/06/2024,GEMEENTE MIDDELKERKE,07/05/2024,16376,50,50,03/06/2024,,,
2025/00125,04/06/2024,GEMEENTE MIDDELKERKE,07/05/2024,16349,50,50,03/06/2024,,,
2025/00126,04/06/2024,GEMEENTE MIDDELKERKE,07/05/2024,16404,50,50,03/06/2024,,,
2025/00127,04/06/2024,GEMEENTE MIDDELKERKE,07/05/2024,16334,50,50,03/06/2024,,,
2025/00128,04/06/2024,GEMEENTE MIDDELKERKE,07/05/2024,16339,50,50,03/06/2024,,,
2025/00129,04/06/2024,GEMEENTE MIDDELKERKE,07/05/2024,16357,50,50,03/06/2024,,,
2025/00130,04/06/2024,GEMEENTE MIDDELKERKE,05/07/2024,16350,50,50,03/06/2024,,,
2025/00131,04/06/2024,GEMEENTE MIDDELKERKE,07/05/2024,16367,50,50,03/06/2024,,,
2025/00132,04/06/2024,GEMEENTE MIDDELKERKE,07/05/2024,16394,50,50,03/06/2024,,,
2025/00133,04/06/2024,GEMEENTE MIDDELKERKE,07/05/2024,16335,50,50,03/06/2024,,,
2025/00134,04/06/2024,GEMEENTE MIDDELKERKE,07/05/2024,16345,50,50,03/06/2024,,,
2025/00135,04/06/2024,GEMEENTE MIDDELKERKE,07/05/2024,16379,50,50,03/06/2024,,,
2025/00136,06/06/2024,KLEINE UITGAVEN,05/06/2024,24/08294,111.69,111.69,05/06/2024,,,
2025/00137,06/06/2024,SCHOONMAAK/PRIVATE WERKEN,06/06/2024,2025/00137,30,30,14/03/2025,,,
2025/00138,07/06/2024,Certi- Check,07/06/2024,151,310.94,310.94,06/06/2024,,,
2025/00139,07/06/2024,KLEINE UITGAVEN,07/06/2024,24/08349,334.05,334.05,07/06/2024,,,
2025/00140,07/06/2024,FARYS,02/06/2024,1407820574,6868,6868,07/06/2024,,,
2025/00141,07/06/2024,TELENET,18/05/2024,24910344373,27.66,27.66,07/06/2024,,,
2025/00142,07/06/2024,GROEP S,24/05/2024,018307/41083,614.02,614.02,27/05/2024,,,
2025/00143,07/06/2024,GROEP S,24/05/2024,018307/41084,126.46,126.46,27/05/2024,,,
2025/00144,13/06/2024,LUMINUS - GAS,10/06/2024,4127580089,6518.14,6518.14,25/06/2024,,,
2025/00145,13/06/2024,VEOLIA,31/05/2024,2104384317,763.13,763.13,25/06/2024,,,
2025/00146,22/06/2024,IMMO BEACH - ereloon beheer,22/06/2024,2025/00146,142.78,142.78,14/03/2025,,,
2025/00147,22/06/2024,STOCKARTIKELEN,22/06/2024,2025/00147,33.9,33.9,25/06/2024,,,
2025/00148,22/06/2024,Certi- Check,13/06/2024,801,2111.8,2111.8,25/06/2024,,,
2025/00149,22/06/2024,LUMINUS - LIFT 2,11/06/2024,8887569457,383,383,20/06/2024,,,
2025/00150,22/06/2024,KLEINE UITGAVEN,22/06/2024,OR251261,396.39,396.39,20/06/2024,,,
2025/00151,01/07/2024,VIVIUM,10/06/2024,2025/00151,-1186.24,-1186.24,21/06/2024,,,
2025/00152,02/07/2024,EQUANS,25/06/2024,4801562401,1332.9,1332.9,27/06/2024,,,
2025/00153,02/07/2024,TELENET,16/06/2024,243802664754,91.89,91.89,18/07/2024,,,
2025/00154,02/07/2024,KLEINE UITGAVEN,28/06/2024,24/09515,244.69,244.69,28/06/2024,,,
2025/00155,02/07/2024,LUMINUS - D.VERL.,25/06/2024,3993795403,2140,2140,01/07/2024,,,
2025/00156,02/07/2024,LUMINUS - ALG DELEN,25/06/2024,3993795404,3951,3951,01/07/2024,,,
2025/00157,02/07/2024,SCHOONMAAK/PRIVATE WERKEN,30/06/2024,2025/00157,480,480,02/07/2024,,,
2025/00158,04/07/2024,LEFEVRE LIEVEN,23/06/2024,2024/0292,610.56,610.56,02/07/2024,,,
2025/00159,04/07/2024,KLEINE UITGAVEN,03/07/2024,2025/00159,114.35,114.35,04/07/2024,,,
2025/00160,06/07/2024,GROEP S,28/06/2024,018307/54047,911.28,911.28,01/07/2024,,,
2025/00161,06/07/2024,GROEP S,06/07/2024,018307/54048,8.49,8.49,02/07/2024,,,
2025/00162,06/07/2024,GROEP S,28/06/2024,018307/54049,126.46,126.46,02/07/2024,,,
2025/00163,06/07/2024,STOCKARTIKELEN,04/07/2024,2025/00163,35.4,35.4,04/07/2024,,,
2025/00164,06/07/2024,AB CLAENING,06/07/2024,2024/81,774.4,774.4,08/07/2024,,,
2025/00165,06/07/2024,AB CLAENING,01/07/2024,2024/85,551.76,551.76,08/07/2024,,,
2025/00166,08/07/2024,LUMINUS - ELEC PRIVATIEF,25/06/2024,3847567332,269,269,05/07/2024,,,
2025/00167,09/07/2024,SCHOONMAAK/PRIVATE WERKEN,28/06/2024,2025/00167,45,45,14/03/2025,,,
2025/00168,09/07/2024,LUMINUS - LIFT 1,25/06/2024,3993795402,376,376,05/07/2024,,,
2025/00169,09/07/2024,LUMINUS - ELEC PRIVATIEF,25/06/2024,3847567345,198,198,05/07/2024,,,
2025/00170,09/07/2024,LUMINUS - ELEC PRIVATIEF,25/03/2024,3567496812,202,202,05/07/2024,,,
2025/00171,09/07/2024,LUMINUS - ELEC PRIVATIEF,25/06/2024,3847567336,155,155,05/07/2024,,,
2025/00172,09/07/2024,LUMINUS - ELEC PRIVATIEF,25/06/2024,3847567323,160,160,05/07/2024,,,
2025/00173,09/07/2024,LUMINUS - ELEC PRIVATIEF,25/06/2024,3847567343,259,259,05/07/2024,,,
2025/00174,09/07/2024,LUMINUS - ELEC PRIVATIEF,25/06/2024,3847567330,246,246,05/07/2024,,,
2025/00175,09/07/2024,LUMINUS - ELEC PRIVATIEF,25/06/2024,3847567341,253,253,05/07/2024,,,
2025/00176,09/07/2024,LUMINUS - ELEC PRIVATIEF,25/06/2024,3847567325,175,175,05/07/2024,,,
2025/00177,09/07/2024,LUMINUS - ELEC PRIVATIEF,25/06/2024,3847567337,296,296,05/07/2024,,,
2025/00178,09/07/2024,LUMINUS - ELEC PRIVATIEF,25/06/2024,3847567340,228,228,05/07/2024,,,
2025/00179,09/07/2024,LUMINUS - ELEC PRIVATIEF,25/06/2024,3847567320,196,196,05/07/2024,,,
2025/00180,09/07/2024,LUMINUS - ELEC PRIVATIEF,25/06/2024,3847567345,202,202,05/07/2024,,,
2025/00181,09/07/2024,LUMINUS - ELEC PRIVATIEF,25/06/2024,3847567328,166,166,05/07/2024,,,
2025/00182,09/07/2024,LUMINUS - ELEC PRIVATIEF,25/06/2024,3847567329,276,276,05/07/2024,,,
2025/00183,09/07/2024,LUMINUS - ELEC PRIVATIEF,25/06/2024,3847567335,166,166,05/07/2024,,,
2025/00184,09/07/2024,LUMINUS - ELEC PRIVATIEF,25/06/2024,,237,237,05/07/2024,,,
2025/00185,09/07/2024,LUMINUS - ELEC PRIVATIEF,25/06/2024,3847567338,202,202,05/07/2024,,,
2025/00186,09/07/2024,LUMINUS - ELEC PRIVATIEF,25/06/2024,3847567324,327,327,05/07/2024,,,
2025/00187,15/07/2024,LUMINUS - ELEC PRIVATIEF,15/07/2024,3847567333,226,226,05/07/2024,,,
2025/00188,15/07/2024,LUMINUS - ELEC PRIVATIEF,25/06/2024,3847567321,283,283,05/07/2024,,,
2025/00189,15/07/2024,LUMINUS - ELEC PRIVATIEF,15/07/2024,3847567326,232,232,05/07/2024,,,
2025/00190,15/07/2024,LUMINUS - ELEC PRIVATIEF,15/07/2024,3847567342,172,172,05/07/2024,,,
2025/00191,15/07/2024,LUMINUS - ELEC PRIVATIEF,15/07/2024,3847567339,215,215,05/07/2024,,,
2025/00192,15/07/2024,LUMINUS - ELEC PRIVATIEF,15/07/2024,3847567344,189,189,08/07/2024,,,
2025/00193,15/07/2024,LUMINUS - ELEC PRIVATIEF,15/07/2024,3847567334,196,196,05/07/2024,,,
2025/00194,15/07/2024,LUMINUS - ELEC PRIVATIEF,15/07/2024,3847567347,188,188,05/07/2024,,,
2025/00195,05/07/2024,LUMINUS - CONCIERGERIE,30/08/2024,3847567318,676,676,05/07/2024,,,
2025/00196,15/07/2024,LUMINUS - LIFT 3,15/07/2024,9727627924,346,346,05/07/2024,,,
2025/00197,15/07/2024,VEOLIA,15/07/2024,2104416852,1053.91,1053.91,15/07/2024,,,
2025/00198,15/07/2024,LUMINUS - GAS,15/07/2024,4407530212,1950.71,1950.71,15/07/2024,,,
2025/00199,15/07/2024,EQUANS,15/07/2024,4801563351,131.55,131.55,08/07/2024,,,
2025/00200,20/07/2024,TECHEM Caloribel,12/07/2024,56504,4157.02,4157.02,18/07/2024,,,
2025/00201,20/07/2024,LUMINUS - ELEC PRIVATIEF,25/06/2024,3847567322,202,202,10/05/2024,,,
2025/00202,20/07/2024,POST,16/07/2024,2025/00202,214.5,214.5,16/07/2024,,,
2025/00203,05/08/2024,LUMINUS - ELEC PRIVATIEF,06/07/2024,3713737272,-335.78,-335.78,22/07/2024,,,
2025/00204,05/08/2024,LUMINUS - ELEC PRIVATIEF,06/07/2024,3713737270,-196.44,-196.44,22/07/2024,,,
2025/00205,05/08/2024,LUMINUS - ELEC PRIVATIEF,06/07/2024,3713737271,-342.78,-342.78,22/07/2024,,,
2025/00206,05/08/2024,SCHOONMAAK/PRIVATE WERKEN,27/08/2007,2025/00206,90,90,29/07/2024,,,
2025/00207,05/08/2024,EQUANS,26/07/2024,4801564515,1342.39,1342.39,29/07/2024,,,
2025/00208,05/08/2024,GROEP S,24/07/2024,018307/61872,720.03,720.03,29/07/2024,,,
2025/00209,05/08/2024,GROEP S,05/08/2024,018307/61871,128.42,128.42,29/07/2024,,,
2025/00210,06/08/2024,SCHOONMAAK/PRIVATE WERKEN,01/08/2024,2025/00210,250,250,01/08/2024,,,
2025/00211,06/08/2024,KLEINE UITGAVEN,23/07/2024,2025/00211,84.9,84.9,25/07/2024,,,
2025/00212,06/08/2024,LUMINUS - ELEC PRIVATIEF,25/06/2024,3847567327,274,274,25/07/2024,,,
2025/00213,06/08/2024,LUMINUS - ELEC PRIVATIEF,25/06/2024,0208 dubbel betaald,282,282,05/08/2024,,,
2025/00214,06/08/2024,FARYS,28/07/2024,3802841319,8817.34,8817.34,05/08/2024,,,
2025/00215,08/08/2024,DRUKKERIJ DUMON PRINT,08/08/2024,8241164,153.19,153.19,09/08/2024,,,
2025/00216,09/08/2024,VANSTEEN BV,09/08/2024,2024068,205.7,205.7,09/08/2024,,,
2025/00217,09/08/2024,VANSTEEN BV,09/08/2024,2024067,205.7,205.7,09/08/2024,,,
2025/00218,09/08/2024,LUMINUS - GAS,09/08/2024,8607608590,2139.76,2139.76,09/08/2024,,,
2025/00219,13/08/2024,VEOLIA,31/07/2024,2104446544,1053.91,1053.91,13/08/2024,,,
2025/00220,24/08/2024,KLEINE UITGAVEN,14/08/2024,2025/00220,44,44,15/08/2024,,,
2025/00221,24/08/2024,KLEINE UITGAVEN,14/08/2024,2025/00221,79.77,79.77,14/08/2024,,,
2025/00222,24/08/2024,KLEINE UITGAVEN,24/08/2024,2025/00222,152.25,152.25,20/08/2024,,,
2025/00223,24/08/2024,KLEINE UITGAVEN,20/08/2024,247011567,203.78,203.78,21/08/2024,,,
2025/00224,24/08/2024,KLEINE UITGAVEN,21/08/2024,247011605,224.47,224.47,22/08/2024,,,
2025/00225,24/08/2024,KLEINE UITGAVEN,20/08/2024,2025/00225,27.8,27.8,20/08/2024,,,
2025/00226,24/08/2024,SCHOONMAAK/PRIVATE WERKEN,17/08/2024,2025/00226,240,240,19/08/2024,,,
2025/00227,24/08/2024,SCHOONMAAK/PRIVATE WERKEN,24/08/2024,2025/00227,60,60,14/03/2025,,,
2025/00228,24/08/2024,AB CLAENING,24/08/2024,2024/104,1103.52,1103.52,26/08/2024,,,
2025/00229,24/08/2024,AB CLAENING,23/08/2024,2024/120,774.4,774.4,26/08/2024,,,
2025/00230,24/08/2024,VINCOTTE BELGIUM,24/08/2024,9240114175,591.93,591.93,26/08/2024,,,
2025/00231,27/08/2024,Seacom .be,24/08/2024,24/0057,90.75,90.75,27/08/2024,,,
2025/00232,27/08/2024,B T C BELGIAN TRANSLATION CENTE,26/08/2024,2024/891,211.75,211.75,27/08/2024,,,
2025/00233,29/08/2024,EQUANS,29/08/2024,4801566743,1340.64,1340.64,29/08/2024,,,
2025/00234,29/08/2024,Certi- Check,27/08/2024,1016,576.35,576.35,29/08/2024,,,
2025/00235,29/08/2024,Certi- Check,27/08/2024,1015,527.95,527.95,29/08/2024,,,
2025/00236,29/08/2024,TELENET,29/08/2024,243803136157,111.89,111.89,29/08/2024,,,
2025/00237,30/08/2024,ACA KEURING,29/08/2024,24021288,360.58,360.58,30/08/2024,,,
2025/00238,30/08/2024,DE LIFT,30/08/2024,12416497,643.83,643.83,30/08/2024,,,
2025/00239,30/08/2024,DE LIFT,30/08/2024,1416459,429.22,429.22,30/08/2024,,,
2025/00240,03/09/2024,KLEINE UITGAVEN,03/09/2024,2025/00240,34.66,34.66,03/09/2024,,,
2025/00241,06/09/2024,ELEKTRO POWER,06/09/2024,20240194,1129.68,1129.68,02/09/2024,,,
2025/00242,06/09/2024,SCHOONMAAK/PRIVATE WERKEN,02/09/2024,2025/00242,90,90,02/09/2024,,,
2025/00243,06/09/2024,GROEP S,30/08/2024,018307/70186,1256.75,1256.75,02/09/2024,,,
2025/00244,06/09/2024,GROEP S,30/08/2024,018307/70185,128.42,128.42,02/09/2024,,,
2025/00245,06/09/2024,GROEP S,30/08/2024,1830770184,37.76,37.76,02/09/2024,,,
2025/00246,06/09/2024,ELEKTRO POWER,27/08/2024,20240193,1045.66,1045.66,02/09/2024,,,
2025/00247,06/09/2024,ELEKTRO POWER,27/08/2024,20240195,981.28,981.28,02/09/2024,,,
2025/00248,06/09/2024,ELEKTRO POWER,27/08/2024,20240197,795.33,795.33,02/09/2024,,,
2025/00249,06/09/2024,LEFEVRE LIEVEN,06/09/2024,2024/0464,304.77,304.77,05/09/2024,,,
2025/00250,06/09/2024,KLEINE UITGAVEN,04/09/2024,2025/00250,124.8,124.8,04/09/2024,,,
2025/00251,06/09/2024,KLEINE UITGAVEN,06/09/2024,2025/00251,62.6,62.6,05/09/2024,,,
2025/00252,06/09/2024,A-P-M-CLAEN,06/09/2024,2024/058,363,363,06/09/2024,,,
2025/00253,10/09/2024,AB CLAENING,10/09/2024,2024125,1379.4,1379.4,10/09/2024,,,
2025/00254,10/09/2024,AB CLAENING,10/09/2024,2024124,968,968,10/09/2024,,,
2025/00255,13/09/2024,GASTRO SERVICE,13/09/2024,C404675,665.5,665.5,10/09/2024,,,
2025/00256,13/09/2024,Kraanwerken Vandaele VOF,05/09/2024,137,240.29,240.29,10/09/2024,,,
2025/00258,13/09/2024,LUMINUS - GAS,13/09/2024,3847646758,1791.31,1791.31,09/09/2024,,,
2025/00259,13/09/2024,GEMEENTE MIDDELKERKE,10/09/2024,2025/0259,396,396,10/09/2024,,,
2025/00260,13/09/2024,GEMEENTE CONTAINERPARK,12/09/2024,2025/00260,16,16,12/09/2024,,,
2025/00261,13/09/2024,GEMEENTE MIDDELKERKE,13/09/2024,30204,50,50,13/09/2024,,,
2025/00262,13/09/2024,A-P-M-CLAEN,13/09/2024,2024/059,72.6,72.6,13/09/2024,,,
2025/00263,13/09/2024,DOCHY & ZONEN ( glashandel ),13/09/2024,235456,297.61,297.61,13/09/2024,,,
2025/00264,23/09/2024,KLEINE UITGAVEN,23/09/2024,48754,242.91,242.91,18/09/2024,,,
2025/00265,23/09/2024,LUMINUS - LIFT 2,23/09/2024,9727702205,383,383,20/09/2024,,,
2025/00266,23/09/2024,Casselman,18/09/2024,20241265,60.5,60.5,20/09/2024,,,
2025/00267,23/09/2024,TELENET,16/09/2024,243803375872,121.88,121.88,20/09/2024,,,
2025/00268,23/09/2024,DE LIFT,23/09/2024,12417192,38.43,38.43,20/09/2024,,,
2025/00269,24/09/2024,A-P-M-CLAEN,22/09/2024,2024/061,1452,1452,23/09/2024,,,
2025/00270,24/09/2024,DIGITAV,24/09/2024,2024039,2904,2904,23/09/2024,,,
2025/00271,24/09/2024,KLEINE UITGAVEN,24/09/2024,2025/00271,99.32,99.32,23/09/2024,,,
2025/00272,3/10/2024,HUURLAND,3/10/2024,749441/0,242.1,242.1,23/09/2024,,,
2025/00273,3/10/2024,BRENNTAG,3/10/2024,9004563621,1080.38,1080.38,30/09/2024,,,
2025/00274,3/10/2024,A-P-M-CLAEN,3/10/2024,2024/065,90.75,90.75,30/09/2024,,,
2025/00275,3/10/2024,LUMINUS - ELEC PRIVATIEF,25/09/2024,9727716765,327,327,30/09/2024,,,
2025/00276,3/10/2024,LUMINUS - ALG DELEN,25/09/2024,7353896537,3951,3951,30/09/2024,,,
2025/00277,3/10/2024,LUMINUS - ELEC PRIVATIEF,25/09/2024,97277116762,283,283,30/09/2024,,,
2025/00278,3/10/2024,LUMINUS - ELEC PRIVATIEF,25/09/2024,972771676,274,274,30/09/2024,,,
2025/00279,3/10/2024,LUMINUS - ELEC PRIVATIEF,25/09/2024,9727716779,202,202,30/09/2024,,,
2025/00280,3/10/2024,LUMINUS - D.VERL.,25/09/2024,,2140,2140,30/09/2024,,,
2025/00281,3/10/2024,EQUANS,26/09/2024,48015625,1335.19,1335.19,30/09/2024,,,
2025/00282,3/10/2024,KLEINE UITGAVEN,26/09/2024,14637,18,18,26/09/2024,,,
2025/00283,4/10/2024,KLEINE UITGAVEN,26/09/2024,22346,128.9,128.9,27/09/2024,,,
2025/00284,4/10/2024,A-P-M-CLAEN,28/09/2024,2024/075,108.9,108.9,30/09/2024,,,
2025/00285,4/10/2024,KLEINE UITGAVEN,4/10/2024,2025/00285,14.3,14.3,28/09/2024,,,
2025/00286,4/10/2024,SCHOONMAAK/PRIVATE WERKEN,4/10/2024,2025/00286,320,320,30/09/2024,,,
2025/00287,4/10/2024,LUMINUS - ELEC PRIVATIEF,28/09/2024,9593904778,-207.13,-207.13,14/10/2024,,,
2025/00289,4/10/2024,LUMINUS - ELEC PRIVATIEF,28/09/2024,9593904767,-328.02,-328.02,14/10/2024,,,
2025/00290,4/10/2024,LUMINUS - ELEC PRIVATIEF,28/09/2024,9593904764,-404.84,-404.84,14/10/2024,,,
2025/00291,4/10/2024,LUMINUS - ELEC PRIVATIEF,4/10/2024,9593904761,-330.91,-330.91,14/10/2024,,,
2025/00292,4/10/2024,A-P-M-CLAEN,30/09/2024,2024/076,435.6,435.6,1/10/2024,,,
2025/00293,4/10/2024,BTC BELGIAN TRANSLATION CENTRE,30/09/2024,2024/1036,4881.14,4881.14,1/10/2024,,,
2025/00294,4/10/2024,Seacom .be,28/09/2024,24/0106,350.9,350.9,3/10/2024,,,
2025/00295,4/10/2024,LUMINUS - ELEC PRIVATIEF,25/09/2024,9727716776,166,166,3/10/2024,,,
2025/00296,4/10/2024,LUMINUS - ELEC PRIVATIEF,25/10/2024,9727716775,196,196,3/10/2024,,,
2025/00297,4/10/2024,LUMINUS - ELEC PRIVATIEF,25/09/2024,9727716774,226,226,3/10/2024,,,
2025/00298,4/10/2024,LUMINUS - ELEC PRIVATIEF,25/09/2024,9727716773,269,269,3/10/2024,,,
2025/00299,4/10/2024,LUMINUS - ELEC PRIVATIEF,25/09/2024,9727716772,237,237,3/10/2024,,,
2025/00300,4/10/2024,LUMINUS - ELEC PRIVATIEF,25/09/2024,9727716771,246,246,3/10/2024,,,
2025/00301,4/10/2024,LUMINUS - ELEC PRIVATIEF,25/09/2024,9727716770,276,276,3/10/2024,,,
2025/00302,4/10/2024,LUMINUS - ELEC PRIVATIEF,25/09/2024,9727716769,166,166,3/10/2024,,,
2025/00303,4/10/2024,LUMINUS - ELEC PRIVATIEF,25/09/2024,9727716767,232,232,3/10/2024,,,
2025/00304,4/10/2024,LUMINUS - ELEC PRIVATIEF,25/09/2024,9727716766,175,175,3/10/2024,,,
2025/00305,4/10/2024,LUMINUS - ELEC PRIVATIEF,25/09/2024,97277116764,160,160,3/10/2024,,,
2025/00306,4/10/2024,LUMINUS - ELEC PRIVATIEF,25/09/2024,9727716763,202,202,3/10/2024,,,
2025/00307,4/10/2024,LUMINUS - ELEC PRIVATIEF,26/09/2024,97277116761,196,196,3/10/2024,,,
2025/00308,4/10/2024,LUMINUS - LIFT 3,25/09/2024,8607658256,346,346,3/10/2024,,,
2025/00309,4/10/2024,LUMINUS - LIFT 1,25/09/2024,7353896535,376,376,3/10/2024,,,
2025/00310,4/10/2024,LUMINUS - ELEC PRIVATIEF,25/09/2024,9727716782,253,253,3/10/2024,,,
2025/00311,4/10/2024,LUMINUS - ELEC PRIVATIEF,25/09/2024,9727716781,228,228,3/10/2024,,,
2025/00312,4/10/2024,LUMINUS - ELEC PRIVATIEF,25/09/2024,9727716780,215,215,3/10/2024,,,
2025/00313,4/10/2024,LUMINUS - ELEC PRIVATIEF,25/09/2024,9727716778,296,296,3/10/2024,,,
2025/00314,4/10/2024,LUMINUS - ELEC PRIVATIEF,25/09/2024,9727716777,155,155,3/10/2024,,,
2025/00315,4/10/2024,LUMINUS - ELEC PRIVATIEF,25/09/2024,9727716788,188,188,3/10/2024,,,
2025/00316,4/10/2024,LUMINUS - ELEC PRIVATIEF,25/09/2024,9727716787,198,198,3/10/2024,,,
2025/00317,4/10/2024,LUMINUS - ELEC PRIVATIEF,4/10/2024,9727716786,202,202,3/10/2024,,,
2025/00318,4/10/2024,LUMINUS - ELEC PRIVATIEF,25/09/2024,9727716785,189,189,3/10/2024,,,
2025/00319,4/10/2024,LUMINUS - ELEC PRIVATIEF,28/09/2024,9593904783,-299.5,-299.5,14/10/2024,,,
2025/00320,4/10/2024,LUMINUS - ELEC PRIVATIEF,25/09/2024,9727716784,259,259,3/10/2024,,,
2025/00321,4/10/2024,LUMINUS - ELEC PRIVATIEF,25/09/2024,9727716783,172,172,3/10/2024,,,
2025/00322,4/10/2024,LUMINUS - CONCIERGERIE,25/09/2024,9727716759,676,676,3/10/2024,,,
2025/00323,4/10/2024,KLEINE UITGAVEN,4/10/2024,2025/00323,19.5,19.5,4/10/2024,,,
2025/00324,4/10/2024,LUMINUS - ELEC PRIVATIEF,28/09/2024,9593904779,97.49,97.49,24/10/2024,,,
2025/00325,4/10/2024,LUMINUS - ELEC PRIVATIEF,28/09/2024,9593904774,92.32,92.32,24/10/2024,,,
2025/00326,5/10/2024,LUMINUS - ELEC PRIVATIEF,28/09/2024,9593904762,-204.64,-204.64,14/10/2024,,,
2025/00327,5/10/2024,LUMINUS - D.VERL.,5/10/2024,6793975216,-1083.16,-1083.16,14/10/2024,,,
2025/00328,5/10/2024,LUMINUS - LIFT 3,28/09/2024,3433835116,-159.16,-159.16,14/10/2024,,,
2025/00329,5/10/2024,LUMINUS - LIFT 2,28/09/2024,3433835113,-567.02,-567.02,14/10/2024,,,
2025/00330,5/10/2024,LUMINUS - LIFT 1,28/09/2024,3433835112,-177.44,-177.44,14/10/2024,,,
2025/00331,25/10/2024,A-P-M-CLAEN,18/10/2024,2024/080,84.7,84.7,21/10/2024,,,
2025/00332,25/10/2024,VEOLIA,25/10/2024,2104503703,680.06,680.06,21/10/2024,,,
2025/00333,25/10/2024,VEOLIA,25/10/2024,credin2180116109,-955.4,-955.4,21/10/2024,,,
2025/00334,25/10/2024,VEOLIA,31/08/2024,2104474515,2217.01,2217.01,21/10/2024,,,
2025/00335,25/10/2024,LUMINUS - ELEC PRIVATIEF,28/09/2024,95939004780,-233.09,-233.09,14/10/2024,,,
2025/00336,25/10/2024,LUMINUS - ELEC PRIVATIEF,28/09/2024,9593904777,-342.81,-342.81,14/10/2024,,,
2025/00337,25/10/2024,LUMINUS - ELEC PRIVATIEF,28/09/2024,9593904788,-179.07,-179.07,14/10/2024,,,
2025/00338,25/10/2024,LEFEVRE LIEVEN,30/09/2024,20240531,685.29,685.29,,,,
2025/00339,25/10/2024,LUMINUS - ELEC PRIVATIEF,28/09/2024,9593904781,-275.6,-275.6,14/10/2024,,,
2025/00340,25/10/2024,TELENET,16/10/2024,243803620956,91.89,91.89,21/10/2024,,,
2025/00341,25/10/2024,LUMINUS - GAS,7/10/2024,6087638037,1451.35,1451.35,21/10/2024,,,
2025/00342,25/10/2024,STEYAERT Geert,7/10/2024,85,1087.56,1087.56,21/10/2024,,,
2025/00343,25/10/2024,DEPOORTER-DEJAEGHERE,7/10/2024,22501,968,968,21/10/2024,,,
2025/00344,25/10/2024,DEPOORTER-DEJAEGHERE,30/09/2024,22493,12,12,21/10/2024,,,
2025/00345,25/10/2024,LUMINUS - ELEC PRIVATIEF,28/09/2024,9593904766,-242.05,-242.05,14/10/2024,,,
2025/00346,26/10/2024,KLEINE UITGAVEN,22/10/2024,2025/00346,179.85,179.85,22/10/2024,,,
2025/00347,26/10/2024,KLEINE UITGAVEN,9/10/2024,2025/00347,54.55,54.55,23/10/2024,,,
2025/00348,26/10/2024,ELEKTRO POWER,22/10/2010,20240290,260.15,260.15,24/10/2024,,,
2025/00349,26/10/2024,Karchter nv,25/10/2024,2025/00349,46,46,26/10/2024,,,
2025/00350,26/10/2024,GEMEENTE MIDDELKERKE,21/10/2024,2025/00350,1134,1134,21/10/2024,,,
2025/00351,28/10/2024,LUMINUS - ELEC PRIVATIEF,28/09/2024,9593904787,92.67,92.67,24/10/2024,,,
2025/00352,28/10/2024,LUMINUS - D.VERL.,28/09/2024,3433835111,784.88,784.88,24/10/2024,,,
2025/00353,28/10/2024,LUMINUS - ELEC PRIVATIEF,28/09/2024,9593904746,-100.85,-100.85,14/10/2024,,,
2025/00354,28/10/2024,LUMINUS - ELEC PRIVATIEF,28/10/2024,9593904775,-136.42,-136.42,14/10/2024,,,
2025/00355,28/10/2024,LUMINUS - ELEC PRIVATIEF,28/09/2024,9593904784,-173.3,-173.3,14/10/2024,,,
2025/00356,28/10/2024,LUMINUS - ELEC PRIVATIEF,28/09/2024,6793975218,-190.15,-190.15,14/10/2024,,,
2025/00357,28/10/2024,LUMINUS - ELEC PRIVATIEF,28/10/2024,9593904763,-126.11,-126.11,14/10/2024,,,
2025/00358,28/10/2024,LUMINUS - ELEC PRIVATIEF,28/10/2024,9593904765,-154.43,-154.43,14/10/2024,,,
2025/00359,28/10/2024,LUMINUS - ELEC PRIVATIEF,28/09/2024,9593904769,-326.41,-326.41,14/10/2024,,,
2025/00360,28/10/2024,LUMINUS - ELEC PRIVATIEF,28/09/2024,9593904770,-274.86,-274.86,14/10/2024,,,
2025/00361,28/10/2024,LUMINUS - ELEC PRIVATIEF,28/10/2024,9593904785,-206.55,-206.55,14/10/2024,,,
2025/00363,28/10/2024,LUMINUS - ELEC PRIVATIEF,28/10/2024,9593904772,-315.55,-315.55,14/10/2024,,,
2025/00364,28/10/2024,GROEP S,28/10/2024,018307/77750,988.9,988.9,1/10/2024,,,
2025/00365,28/10/2024,GROEP S,30/09/2024,018307/77748,0.56,0.56,14/10/2024,,,
2025/00366,28/10/2024,GROEP S,30/09/2024,018307/77749,128.42,128.42,1/10/2024,,,
2025/00367,28/10/2024,Karchter nv,25/10/2024,132425,1034,1034,26/10/2024,,,
2025/00368,31/10/2024,PRIMA Woonidee,31/10/2024,776,696,696,23/10/2024,,,
2025/00369,1/11/2024,EQUANS,29/10/2024,4801570993,1331.34,1331.34,31/10/2024,,,
2025/00370,1/11/2024,A-P-M-CLAEN,29/10/2024,2024/092,151.25,151.25,31/10/2024,,,
2025/00371,1/11/2024,KLEINE UITGAVEN,1/11/2024,2025/00371,105.66,105.66,1/11/2024,,,
2025/00372,2/11/2024,Franne Nagels,1/11/2024,2025/00372,220,220,1/11/2024,,,
2025/00373,2/11/2024,KLEINE UITGAVEN,31/10/2024,2025/00373,70.82,70.82,31/10/2024,,,
2025/00374,2/11/2024,A-P-M-CLAEN,7/11/2024,2025/00374,151.25,151.25,1/11/2024,,,
2025/00375,2/11/2024,AB CLAENING,2/11/2024,2025/160,275.88,275.88,4/11/2024,,,
2025/00376,2/11/2024,GROEP S,2/11/2024,018307/84989,830.04,830.04,29/10/2024,,,
2025/00377,2/11/2024,GROEP S,2/11/2024,018307/84990,129.69,129.69,30/12/2024,,,
2025/00378,5/11/2024,LUMINUS - ELEC PRIVATIEF,28/09/2024,9593904771,-263.24,-263.24,14/10/2024,,,
2025/00379,5/11/2024,LUMINUS - ELEC PRIVATIEF,5/11/2024,9593904782,-145.98,-145.98,14/10/2024,,,
2025/00380,5/11/2024,LUMINUS - ELEC PRIVATIEF,5/11/2024,9593904773,-233.31,-233.31,14/10/2024,,,
2025/00382,5/11/2024,LUMINUS - ELEC PRIVATIEF,28/09/2024,9593904768,-143.56,-143.56,14/10/2024,,,
2025/00383,9/11/2024,EVER CLEAN.,3/11/2024,2024000727,32.72,32.72,4/11/2024,,,
2025/00384,9/11/2024,A-P-M-CLAEN,7/11/2024,2024/095,1694,1694,8/11/2024,,01/04/2025,
2025/00385,9/11/2024,KLEINE UITGAVEN,9/11/2024,2025/00385,197.33,197.33,7/11/2024,,,
2025/00386,9/11/2024,Karchter nv,9/11/2024,332122822,5239.3,5239.3,8/11/2024,,,
2025/00387,9/11/2024,LUMINUS - GAS,9/11/2024,9727771404,6640.92,6640.92,11/11/2024,,,
2025/00388,12/11/2024,EVER CLEAN.,9/11/2024,2024000747,359.89,359.89,12/11/2024,,,
2025/00389,12/11/2024,DEFEVER,10/11/2024,20/241761,177.3,177.3,12/11/2024,,,
2025/00390,14/11/2024,Odrada meubelen,14/11/2024,2025/00390,654,654,14/11/2024,,,
2025/00391,14/11/2024,VEOLIA,14/11/2024,2104536644,365.96,365.96,14/11/2024,,,
2025/00392,26/11/2024,FLORALUX,26/11/2024,9054,389.57,389.57,17/11/2024,,,
2025/00393,26/11/2024,BRICO,18/11/2024,2025/00393,120.58,120.58,18/11/2024,,,
2025/00394,26/11/2024,DEFEVER,26/11/2024,184981,189,189,18/11/2024,,,
2025/00395,29/11/2024,KLEINE UITGAVEN,9/11/2024,2025/00395,120,120,26/11/2024,,,
2025/00396,29/11/2024,TELENET,29/11/2024,243803858564,91.89,91.89,25/11/2024,,,
2025/00397,29/11/2024,KLEINE UITGAVEN,19/11/2024,2025/11/2024,45.6,45.6,19/11/2024,,,
2025/00398,29/11/2024,EURO SCHOP,29/11/2024,2025/00398,119.2,119.2,24/11/2024,,,
2025/00399,29/11/2024,EURO SCHOP,20/11/2024,2025/00399,65.1,65.1,20/11/2024,,,
2025/00400,29/11/2024,AVA Papierwaren,21/11/2024,2025/00400,54.78,54.78,23/11/2024,,,
2025/00401,30/11/2024,EURO SCHOP,30/11/2024,2025/00401,116.1,116.1,27/11/2024,,,
2025/00402,30/11/2024,BRICO,20/11/2024,2025/00402,37.2,37.2,20/11/2024,,,
2025/00403,30/11/2024,A MODE,27/11/2024,257007620,358.48,358.48,28/11/2024,,,
2025/00404,30/11/2024,DAKWERKEN LEFEVRE Danny,28/11/2024,302,8574.97,8574.97,14/03/2025,,,
2025/00405,30/11/2024,EQUANS,27/11/2024,4801572873,1326.79,1326.79,29/11/2024,,,
2025/00406,5/12/2024,HUURLAND,5/12/2024,0016053/71723,107.9,107.9,23/09/2024,,,
2025/00407,07/01/2025,DECATHLON,27/11/2024,1240042,48,48,27/11/2024,,,
2025/00408,07/01/2025,KLEINE UITGAVEN,2/12/2024,202500408,52.75,52.75,2/12/2024,,,
2025/00409,07/01/2025,KLEINE UITGAVEN,30/11/2024,202500409,64.61,64.61,1/12/2024,,,
2025/00410,07/01/2025,DVV CLAENING,30/11/2024,2024/137,121,121,20/12/2024,,30/11/2024,
2025/00411,07/01/2025,GROEP S,26/11/2024,018307/91762,1148.32,1148.32,27/11/2024,,26/12/2024,
2025/00412,07/01/2025,GROEP S,26/11/2024,018307/91760,129.69,129.69,29/10/2024,,26/12/2024,
2025/00413,07/01/2025,GROEP S,26/11/2024,018307/91761,23.09,23.09,27/11/2024,,,
2025/00414,07/01/2025,SARRAZIJN,21/02/2024,2024640,76.32,76.32,4/12/2024,,,
2025/00415,07/01/2025,AXA - verzekeringen,6/12/2024,2025/00415,1847.76,1847.76,19/12/2024,,,
2025/00416,07/01/2025,LEFEVRE LIEVEN,30/12/2024,20240730,310.79,310.79,5/12/2024,,,
2025/00417,07/01/2025,KLEINE UITGAVEN,5/12/2024,2025/00417,24.75,24.75,5/12/2024,,,
2025/00418,07/01/2025,FARYS,1/12/2024,1808725948,7599,7599,19/12/2024,,,
2025/00419,07/01/2025,A-P-M-CLAEN,2/12/2024,2024/110,847,847,6/12/2024,,,
2025/00420,07/01/2025,TELENET,16/12/2024,24304100473,91.89,91.89,19/12/2024,,,
2025/00421,07/01/2025,LUMINUS - LIFT 2,11/12/2024,847017924,379,379,19/12/2024,,,
2025/00422,07/01/2025,LUMINUS - GAS,8/12/2024,9033963452,7799.61,7799.61,19/12/2024,,,
2025/00423,07/01/2025,KLEINE UITGAVEN,19/12/2024,2025/00423,52.31,52.31,19/12/2024,,,
2025/00424,07/01/2025,A-P-M-CLAEN,20/12/2024,2024/115,895.4,895.4,20/12/2024,,,
2025/00425,09/01/2025,VIVIUM,7/12/2024,320054039,181.61,181.61,20/12/2024,,,
2025/00426,09/01/2025,Colorpoint,18/12/2025,24/19548,200.23,200.23,18/12/2024,,,
2025/00427,09/01/2025,Colorpoint,03/01/2025,2500046,386.95,386.95,03/01/2025,,,
2025/00428,09/01/2025,IMMO BEACH - ereloon beheer,31/12/2025,24/00044,290.4,290.4,03/01/2025,,,
2025/00429,09/01/2025,KLEINE UITGAVEN,5/12/2024,2025/00429,122.5,122.5,6/12/2024,,,
2025/00430,09/01/2025,KLEINE UITGAVEN,09/01/2025,2025/00430,31.28,31.28,23/12/2024,,,
2025/00431,09/01/2025,Weemaes,18/12/2024,2025/1783,1905,1905,24/12/2024,,,
2025/00432,09/01/2025,ACA KEURING,17/12/2024,24031020,181.5,181.5,19/11/2024,,,
2025/00433,09/01/2025,Certi- Check,22/12/2024,1517,527.95,527.95,23/12/2024,,,
2025/00434,09/01/2025,A-P-M-CLAEN,23/12/2024,2024/117,193.6,193.6,23/12/2024,,,
2025/00435,09/01/2025,Colorpoint,09/01/2025,24/19697,499.68,499.68,23/12/2024,,,
2025/00436,09/01/2025,LUMINUS - ELEC PRIVATIEF,25/12/2024,6647652320,148,148,30/12/2024,,,
2025/00437,09/01/2025,LUMINUS - ELEC PRIVATIEF,25/12/2024,6647652330,165,165,30/12/2024,,,
2025/00438,09/01/2025,LUMINUS - ELEC PRIVATIEF,25/12/2024,6647652319,168,168,30/12/2024,,,
2025/00439,09/01/2025,LUMINUS - ELEC PRIVATIEF,25/12/2024,6647652308,177,177,30/12/2024,,,
2025/00440,09/01/2025,KLEINE UITGAVEN,23/12/2024,2025/00440,28.85,28.85,23/12/2024,,,
2025/00441,09/01/2025,LUMINUS - ELEC PRIVATIEF,25/12/2025,6647652331,129,129,30/12/2024,,,
2025/00442,09/01/2025,LUMINUS - ELEC PRIVATIEF,25/12/2025,6647652307,133,133,30/12/2024,,,
2025/00443,09/01/2025,LUMINUS - ELEC PRIVATIEF,25/12/2024,6647652316,172,172,30/12/2024,,,
2025/00444,09/01/2025,LUMINUS - ELEC PRIVATIEF,25/12/2024,6647652314,171,171,30/12/2024,,,
2025/00445,09/01/2025,LUMINUS - ELEC PRIVATIEF,25/12/2024,6647652332,134,134,30/12/2024,,,
2025/00446,09/01/2025,LUMINUS - ELEC PRIVATIEF,12/01/2025,7487811292,129,129,30/12/2024,,,
2025/00447,09/01/2025,LUMINUS - ELEC PRIVATIEF,25/12/2024,6647652328,160,160,30/12/2024,,,
2025/00448,09/01/2025,LUMINUS - ELEC PRIVATIEF,25/12/2024,6647652317,158,158,30/12/2024,,,
2025/00449,09/01/2025,LUMINUS - ELEC PRIVATIEF,25/12/2024,6647652315,119,119,30/12/2024,,,
2025/00450,09/01/2025,LUMINUS - ELEC PRIVATIEF,25/12/2025,6647652311,196,196,30/12/2024,,,
2025/00451,09/01/2025,LUMINUS - ELEC PRIVATIEF,25/12/2024,6647652310,116,116,30/12/2024,,,
2025/00452,09/01/2025,LUMINUS - ELEC PRIVATIEF,25/12/2024,6647652318,153,153,30/12/2024,,,
2025/00453,09/01/2025,LUMINUS - ELEC PRIVATIEF,25/12/2024,6647652324,184,184,30/12/2024,,,
2025/00454,09/01/2025,LUMINUS - ELEC PRIVATIEF,25/12/2024,7647652309,136,136,30/12/2024,,,
2025/00455,09/01/2025,LUMINUS - ELEC PRIVATIEF,25/12/2024,6646652321,152,152,30/12/2024,,,
2025/00456,09/01/2025,LUMINUS - ELEC PRIVATIEF,25/12/2024,6647652325,134,134,30/12/2024,,,
2025/00457,09/01/2025,LUMINUS - ELEC PRIVATIEF,25/12/2024,6647652329,122,122,30/12/2024,,,
2025/00458,09/01/2025,LUMINUS - ELEC PRIVATIEF,25/12/2024,7487811291,113,113,30/12/2024,,,
2025/00459,09/01/2025,LUMINUS - LIFT 3,09/01/2025,7913967301,288,288,30/12/2024,,,
2025/00460,09/01/2025,A-P-M-CLAEN,25/12/2024,2024/121,363,363,30/12/2024,,,
2025/00461,09/01/2025,A-P-M-CLAEN,09/01/2025,2024/122,84.7,84.7,30/12/2024,,,
2025/00462,09/01/2025,EQUANS,09/01/2025,4801575687,17009.58,17009.58,30/12/2024,,,
2025/00463,09/01/2025,LUMINUS - D.VERL.,25/12/2024,3993978532,1708,1708,30/12/2024,,,
2025/00464,09/01/2025,LUMINUS - ELEC PRIVATIEF,25/12/2024,6647652323,114,114,30/12/2024,,,
2025/00465,09/01/2025,LUMINUS - ELEC PRIVATIEF,25/12/2024,6647652327,150,150,30/12/2024,,,
2025/00466,09/01/2025,LUMINUS - ELEC PRIVATIEF,25/12/2024,6647652313,151,151,30/12/2024,,,
2025/00467,09/01/2025,LUMINUS - ELEC PRIVATIEF,25/12/2024,6647652326,128,128,30/12/2024,,,
2025/00468,09/01/2025,LUMINUS - ELEC PRIVATIEF,25/12/2025,6647652312,123,123,30/12/2024,,,
2025/00469,09/01/2025,LUMINUS - ELEC PRIVATIEF,25/12/2024,6647652322,120,120,30/12/2024,,,
2025/00470,09/01/2025,LUMINUS - ALG DELEN,25/12/2024,3993978533,3951,3951,30/12/2024,,,
2025/00471,09/01/2025,LUMINUS - LIFT 1,25/12/2024,3993978531,311,311,30/12/2024,,,
2025/00472,09/01/2025,VEOLIA,26/12/2024,cn2180117935,-540.01,-540.01,30/12/2024,,,
2025/00473,09/01/2025,VEOLIA,30/11/2024,2104566291,1178.53,1178.53,30/12/2024,,,
2025/00474,09/01/2025,GROEP S,24/12/2024,018307/101738,1069.55,1069.55,30/12/2024,,,
2025/00475,09/01/2025,GROEP S,24/12/2024,018307/101740,129.69,129.69,27/11/2024,,,
2025/00476,09/01/2025,GROEP S,24/12/2024,018307/101739,3.55,3.55,30/12/2024,,,
2025/00477,09/01/2025,GASTRO SERVICE,06/01/2025,c 500039,988.57,988.57,06/01/2025,,,
2025/00478,09/01/2025,KLEINE UITGAVEN,04/01/2025,2025/00478,75.72,75.72,04/01/2025,,,
2025/00479,09/01/2025,Colorpoint,16/01/2025,25/00153,75.32,75.32,06/01/2025,,,
2025/00480,09/01/2025,LUMINUS - CONCIERGERIE,25/12/2024,6647652305,320,320,30/12/2024,,,
2025/00481,09/01/2025,A-P-M-CLAEN,04/01/2025,2025/003,363,363,06/01/2025,,,
2025/00482,09/01/2025,KLEINE UITGAVEN,09/01/2025,2025/00482,2.5,2.5,03/01/2025,,,
2025/00483,14/01/2025,ELEKTRO POWER,10/01/2025,20240372,3417.57,3417.57,14/01/2025,,,
2025/00484,14/01/2025,LUMINUS - GAS,10/01/2025,3567839050,11054.95,11054.95,14/01/2025,,,
2025/00485,14/01/2025,KLEINE UITGAVEN,10/01/2025,202500485,39.91,39.91,10/01/2025,,,
2025/00486,14/01/2025,KLEINE UITGAVEN,08/01/2025,20250486,62.38,62.38,08/01/2025,,,
2025/00487,14/01/2025,A-P-M-CLAEN,10/01/2025,2025/007,363,363,13/01/2025,,,
2025/00488,20/01/2025,IMMO BEACH - ereloon beheer,20/01/2024,24/00011,142.78,142.78,03/02/2025,,,
2025/00489,03/02/2025,PRIMA Woonidee,16/01/2025,13460,370,370,20/01/2025,,,
2025/00490,03/02/2025,TECHEM Caloribel,16/01/2025,73509,2395.2,2395.2,20/01/2025,,,
2025/00491,03/02/2025,TECHEM Caloribel,16/01/2025,73080,2609.92,2609.92,20/01/2025,,,
2025/00492,03/02/2025,TELENET,15/01/2025,253800142445,91.89,91.89,20/01/2025,,,
2025/00493,03/02/2025,VEOLIA,31/12/2024,2104594719,401.43,401.43,16/01/2025,,,
2025/00494,03/02/2025,KLEINE UITGAVEN,16/01/2025,202500494,20.59,20.59,17/01/2025,,,
2025/00496,03/02/2025,TELENET,03/02/2025,24910043914,62.32,62.32,17/01/2025,,,
2025/00497,03/02/2025,TELENET,01/09/2025,24810654880,8214.11,8214.11,16/01/2025,,,
2025/00498,03/02/2025,TELENET,10/09/2024,24910654862,2340.85,2340.85,17/01/2025,,,
2025/00499,03/02/2025,Colorpoint,17/01/2025,2500714,106.99,106.99,17/01/2025,,,
2025/00500,03/02/2025,KLEINE UITGAVEN,17/01/2025,2025/00500,58.46,58.46,17/01/2025,,,
2025/00501,03/02/2025,Karchter nv,17/01/2025,202500501,200,200,18/01/2025,,,
2025/00502,03/02/2025,Colorpoint,21/01/2025,2500776,84.91,84.91,21/01/2025,,,
2025/00503,03/02/2025,Seacom .be,19/01/2025,240253,1403,1403,19/01/2025,,"1.403,00",19/01/2025
2025/00504,03/02/2025,KLEINE UITGAVEN,22/01/2025,202500504,19.55,19.55,22/01/2025,,,
2025/00505,03/02/2025,AVA Papierwaren,22/01/2025,202500505,66.02,66.02,22/01/2025,,,
2025/00506,03/02/2025,Colorpoint,22/01/2025,2500824,89.44,89.44,22/01/2025,,,
2025/00507,03/02/2025,LUMINUS - ALG DELEN,23/01/2025,1015865447,-2343.44,-2343.44,07/02/2025,,,
2025/00508,03/02/2025,Colorpoint,07/02/2025,2501010,102.75,102.75,28/01/2025,,,
2025/00509,03/02/2025,BRICO,24/01/2025,202500509,70.4,70.4,24/01/2025,,,
2025/00510,03/02/2025,KLEINE UITGAVEN,27/01/2025,2025/00510,176.27,176.27,29/01/2025,,,
2025/00511,03/02/2025,A-P-M-CLAEN,23/01/2025,2025014,363,363,23/01/2025,,,
2025/00512,03/02/2025,LUMINUS - ELEC PRIVATIEF,28/01/2025,7914000033,-131.13,-131.13,13/02/2025,,,
2025/00513,03/02/2025,LUMINUS - CONCIERGERIE,25/01/2025,6513983636,-1191.78,-1191.78,10/02/2025,,,
2025/00514,03/02/2025,LUMINUS - ELEC PRIVATIEF,25/01/2025,6513983637,-155.6,-155.6,10/02/2025,,,
2025/00515,03/02/2025,GROEP S,27/01/2025,2025/0003,20.87,20.87,29/01/2025,,,
2025/00516,03/02/2025,GROEP S,27/01/2025,2025/0002,1134.67,1134.67,29/01/2025,,,
2025/00517,03/02/2025,GROEP S,27/01/2025,2025/0001,133.84,133.84,29/01/2025,,,
2025/00518,04/02/2025,EQUANS,28/01/2025,5801551087,1339.51,1339.51,03/02/2025,,,
2025/00519,04/02/2025,IMMO BEACH - ereloon beheer,30/01/2025,25/0003,142.78,142.78,23/01/2025,,,
2025/00520,04/02/2025,KLEINE UITGAVEN,04/02/2025,2025/00520,175.48,175.48,14/01/2025,,,
2025/00521,04/02/2025,BRANDEBEVEILIGINGSCHOP,15/01/2025,56893,497.56,497.56,14/01/2025,,,
2025/00522,04/02/2025,KLEINE UITGAVEN,04/02/2025,202500522,102.8,102.8,03/02/2025,,,
2025/00523,04/02/2025,KLEINE UITGAVEN,23/01/2025,202500523,134.85,134.85,24/01/2025,,,
2025/00524,07/02/2025,KLEINE UITGAVEN,28/01/2025,202500524,268.85,268.85,29/01/2025,,,
2025/00525,07/02/2025,KLEINE UITGAVEN,25/01/2025,202500525,100,100,29/01/2025,,,
2025/00526,07/02/2025,Karchter nv,04/02/2025,202500526,124.87,124.87,05/02/2025,,,
2025/00527,07/02/2025,KLEINE UITGAVEN,07/02/2025,2025/00527,130.34,130.34,04/02/2025,,,
2025/00528,07/02/2025,KLEINE UITGAVEN,04/02/2025,20250528,11.34,11.34,04/02/2025,,,
2025/00529,07/02/2025,Houthandel Tavernier,06/02/2025,25020005,276.85,276.85,06/02/2025,,,
2025/00530,07/02/2025,EQUANS,20/12/2024,4801574909,1330.04,1330.04,07/02/2025,,20/12/2024,
2025/00531,07/02/2025,DEPOORTER-DEJAEGHERE,31/12/2024,330,498.2,498.2,13/01/2025,,,
2025/00532,08/02/2025,VINCOTTE BELGIUM,30/01/2025,925003199,621.52,621.52,10/02/2025,,,
2025/00533,08/02/2025,Aaron Dehottay A-P-M CLAEN,08/02/2025,2025/001,363,363,10/02/2025,,,
2025/00534,13/02/2025,ACA KEURING,12/02/2025,25003311,193.6,193.6,11/02/2025,,,
2025/00535,13/02/2025,ACA KEURING,13/02/2025,25002867,193.6,193.6,13/02/2025,,,
2025/00536,14/02/2025,KLEINE UITGAVEN,10/02/2025,2025/00536,142.16,142.16,10/02/2025,,,
2025/00537,14/02/2025,Colorpoint,10/02/2025,2501695,225.63,225.63,10/02/2025,,,
2025/00538,14/02/2025,KLEINE UITGAVEN,12/02/2024,6368,68.23,68.23,10/02/2025,,,
2025/00539,14/02/2025,EVERCLEAN4U,13/02/2025,25700101,390.08,390.08,13/02/2025,,,
2025/00540,14/02/2025,GASTRO SERVICE,14/02/2025,253530,21.78,21.78,13/02/2025,,,
2025/00541,14/02/2025,MENSURA,14/02/2025,25028425,236.52,236.52,13/02/2025,,,
2025/00542,15/02/2025,GEMEENTE MIDDELKERKE,27/12/2024,202500542,-270,-270,27/12/2024,,,
2025/00543,17/02/2025,IMMO BEACH - ereloon beheer,21/01/2025,25/00001,66247.68,35703.9,14/03/2025,"30.543,78",21/01/2025,
2025/00544,18/02/2025,VEOLIA,31/01/2025,2104624933,678.77,678.77,17/02/2025,,,
2025/00545,18/02/2025,GEMEENTE MIDDELKERKE,11/02/2025,89,2500,2500,,,,
2025/00546,18/02/2025,EVERCLEAN4U,16/02/2025,25700137,182.26,182.26,17/02/2025,,,
2025/00547,20/02/2025,LUMINUS - GAS,18/02/2025,3433980062,9721.7,9721.7,19/02/2025,,,
2025/00548,20/02/2025,KLEINE UITGAVEN,14/02/2025,2025/00548,11.67,11.67,19/02/2025,,,
2025/00549,20/02/2025,TELENET,20/02/2025,2538000384212,91.89,91.89,20/02/2025,,,
2025/00550,21/02/2025,Aaron Dehottay A-P-M CLAEN,21/02/2025,2025/008,363,363,21/02/2025,,,
2025/00551,28/02/2025,EQUANS,28/02/2025,5801553293,1344.14,1344.14,28/02/2025,,,
2025/00552,28/02/2025,Aaron Dehottay A-P-M CLAEN,28/02/2025,2025/0014,363,363,28/02/2025,,,
2025/00553,28/02/2025,SARRAZIJN,28/02/2025,2025101,485.48,485.48,28/02/2025,,,
2025/00554,06/03/2025,Vercon Construct,17/03/2025,2025031,3049.62,3049.62,04/03/2025,,,
2025/00555,06/03/2025,KLEINE UITGAVEN,06/03/2025,202500555,3642.4,3642.4,04/03/2025,,,
2025/00556,06/03/2025,KLEINE UITGAVEN,06/03/2025,2025/0056,25,25,14/03/2025,,,
2025/00557,06/03/2025,BRICO,06/03/2025,2025/00557,59.95,59.95,04/03/2025,,,
2025/00559,06/03/2025,KLEINE UITGAVEN,06/03/2025,2025/00559,112.85,112.85,05/03/2025,,,
2025/00560,06/03/2025,LUMINUS - GAS,06/03/2025,455033048,11132.04,11132.04,06/03/2025,,,
2025/00561,06/03/2025,Casselman,06/03/2025,2025/0343,84.7,84.7,06/03/2025,,,
2025/00562,11/03/2025,Aaron Dehottay A-P-M CLAEN,11/03/2025,2025/019,363,363,11/03/2025,,,
2025/00563,11/03/2025,KLEINE UITGAVEN,11/03/2025,2025/00563,31.95,31.95,10/03/2025,,,
2025/00564,11/03/2025,FARYS,02/03/2025,1109732997,7599,7599,11/03/2025,,,
2025/00565,14/03/2025,IMMO BEACH - ereloon beheer,17/03/2025,2025/00011,16561.02,16561.02,14/03/2025,,,
2025/00566,14/03/2025,VEOLIA,28/02/2025,2104652673,479.22,479.22,,,,
2025/00567,14/03/2025,GROEP S,25/02/2025,018307/14886,133.84,133.84,26/02/2025,,,
2025/00568,14/03/2025,GROEP S,11/04/2025,018307/14887,974.76,974.76,26/02/2025,,,
2025/00569,14/03/2025,ELEKTRO POWER,13/03/2025,20250100,1251.49,1251.49,,,,
2025/00572,14/03/2025,IMMO BEACH - schoonmaak,12/04/2025,14/03/2025,1575,1575,,,,
2025/00573,14/03/2025,MENSURA,23/01/2025,25004290,65.31,65.31,,,,
2025/00574,14/03/2025,KLEINE UITGAVEN,14/03/2025,202500574,178,178,,,,
2025/00575,14/03/2025,KLEINE UITGAVEN,14/03/2025,2025/00575,810,810,,,,
2025/00577,14/03/2025,ELEKTRO POWER,14/03/2024,20240056,53,53,,,,
2025/00578,14/03/2025,ELEKTRO POWER,14/02/2024,20240015,289.91,289.91,,,,
2025/00579,14/03/2025,GROEP S,27/03/2025,2025/0008,624.51,624.51,,,,
2025/00580,14/03/2025,GROEP S,27/03/2025,2025/0009,133.84,133.84,,,,
2025/00581,14/03/2025,LUMINUS - GAS,07/04/2025,3847881331,6746.46,6746.46,,,,
2025/00582,14/03/2025,VEOLIA,31/03/2025,2104682389,415.02,415.02,,,,
2025/00583,14/03/2025,GROEP S,08/04/2025,2025/00010,41.02,41.02,,,,
2025/00584,14/03/2025,GROEP S,08/04/2025,2025/0011,1940.14,1940.14,,,,
2025/00585,14/03/2025,DE LIFT,29/04/2025,VF12515783,2005.48,2005.48,,,,
2025/00586,14/03/2025,DE LIFT,29/04/2025,VF12515785,1704.27,1704.27,,,,
2025/00587,14/03/2025,DE LIFT,29/04/2025,V12515784,1586.64,1586.64,,,,
2025/00588,14/03/2025,WEST COAST INVESTMENTS,14/03/2025,2025/00588,6931.01,6931.01,14/03/2025,,14/03/2025,
2025/00589,14/03/2025,IMMO BEACH - telefoon,22/06/2025,2025/00021,572.15,572.15,22/06/2025,,22/06/2025,
2025/00590,14/03/2025,IMMO BEACH - drukwerk,22/06/2025,25/00022,1128.72,1128.72,22/06/2025,,22/06/2025,
2025/00591,14/03/2025,IMMO BEACH - drukwerk,30/06/2025,25/00023,1293.05,1293.05,30/06/2025,,30/06/2025,
2025/00592,14/03/2025,KLEINE UITGAVEN,27/06/2025,2025/00592,875,545,14/03/2025,"330,00",27/06/2025,
2025/00593,14/03/2025,Aaron Dehottay A-P-M CLAEN,14/03/2025,2025-025,363,363,11/03/2025,,,
2025/00594,14/03/2025,ADVOCATENKANTOOR EQUATOR - A,14/03/2025,2025/00594,2075.95,2075.95,20/06/2024,,,
